﻿<?xml version="1.0" encoding="UTF-8"?>
<root>
  <item name="BattleConfig" md5="180c78368997f5fae8548d09f9c3d776" />
  <item name="BattleFieldOverviewModeExtra" md5="df43d535c8a365c412d61f10538a0dfc" />
  <item name="CustomRoomModeExtra" md5="f7850ddef3188c526fdb53cb35eeb73d" />
  <item name="Document" md5="1f0671fc6e1152177c5599a31929d092" />
  <item name="EquipModeExtra" md5="97553a2cbc7498f0e139558b2e60f315" />
  <item name="GuideModeExtra" md5="77b4c95722a8f3d6e3c14f10b27813f6" />
  <item name="SingleSurvivalModeExtra" md5="af3da4cd668aec4c49523b36809e0de6" />
  <version name="719.1" />
</root>